section,name,unit,iterations,units_per_op,samples,median_ns,min_ns,max_ns,mean_ns,rsd_percent,throughput,throughput_unit,cpu,compiler_version,qpc_frequency,target_ms,warmup_ms,mode
"CRC32 IEEE","CRC32 scalar 64 B","byte",2949226,64,7,85.090834,84.345181,85.902505,85.080047,0.611898,717.294136,"MiB/s","Intel64 Family 6 Model 167 Stepping 1, GenuineIntel",36.000000,10000000,250,100,"full"
"CRC32 IEEE","CRC32 PCLMUL 64 B","byte",43295666,64,7,5.780299,5.767219,5.806406,5.784029,0.261687,10559.169171,"MiB/s","Intel64 Family 6 Model 167 Stepping 1, GenuineIntel",36.000000,10000000,250,100,"full"
"CRC32 IEEE","CRC32 auto 64 B","byte",42891505,64,7,5.831019,5.790965,5.923238,5.834855,0.744381,10467.321666,"MiB/s","Intel64 Family 6 Model 167 Stepping 1, GenuineIntel",36.000000,10000000,250,100,"full"
"CRC32 IEEE","CRC32 scalar 4,0 KiB","byte",37158,4096,7,6717.702783,6700.387534,6774.097099,6725.782566,0.370149,581.485982,"MiB/s","Intel64 Family 6 Model 167 Stepping 1, GenuineIntel",36.000000,10000000,250,100,"full"
"CRC32 IEEE","CRC32 PCLMUL 4,0 KiB","byte",586401,4096,7,423.837613,422.899518,427.051966,424.178871,0.317925,9216.383544,"MiB/s","Intel64 Family 6 Model 167 Stepping 1, GenuineIntel",36.000000,10000000,250,100,"full"
"CRC32 IEEE","CRC32 auto 4,0 KiB","byte",547586,4096,7,419.999233,416.934509,448.155176,429.405114,3.280393,9300.612223,"MiB/s","Intel64 Family 6 Model 167 Stepping 1, GenuineIntel",36.000000,10000000,250,100,"full"
"CRC32 IEEE","CRC32 scalar 1,0 MiB","byte",144,1048576,7,1723329.861111,1719730.555556,1765247.916667,1732097.420635,1.033747,580.271962,"MiB/s","Intel64 Family 6 Model 167 Stepping 1, GenuineIntel",36.000000,10000000,250,100,"full"
"CRC32 IEEE","CRC32 PCLMUL 1,0 MiB","byte",2203,1048576,7,113935.360872,111195.460735,117202.042669,114364.820699,1.836855,8776.906417,"MiB/s","Intel64 Family 6 Model 167 Stepping 1, GenuineIntel",36.000000,10000000,250,100,"full"
"CRC32 IEEE","CRC32 auto 1,0 MiB","byte",2211,1048576,7,112802.623247,111142.650384,112979.104478,112317.102798,0.729328,8865.042064,"MiB/s","Intel64 Family 6 Model 167 Stepping 1, GenuineIntel",36.000000,10000000,250,100,"full"
"CRC32 IEEE","CRC32 scalar 8,0 MiB","byte",17,8388608,7,13854541.176471,13797905.882353,13975582.352941,13857256.302521,0.468307,577.428000,"MiB/s","Intel64 Family 6 Model 167 Stepping 1, GenuineIntel",36.000000,10000000,250,100,"full"
"CRC32 IEEE","CRC32 PCLMUL 8,0 MiB","byte",273,8388608,7,908189.010989,906206.959707,995153.846154,920007.692308,3.603159,8808.739044,"MiB/s","Intel64 Family 6 Model 167 Stepping 1, GenuineIntel",36.000000,10000000,250,100,"full"
"CRC32 IEEE","CRC32 auto 8,0 MiB","byte",275,8388608,7,909200.727273,905486.181818,987637.090909,919288.051948,3.286165,8798.937088,"MiB/s","Intel64 Family 6 Model 167 Stepping 1, GenuineIntel",36.000000,10000000,250,100,"full"
"CRC32 IEEE","CRC32 auto unaligned +1 1.0 MiB","byte",2241,1048576,7,111372.066042,111128.335564,113102.989737,111826.308408,0.715062,8978.912177,"MiB/s","Intel64 Family 6 Model 167 Stepping 1, GenuineIntel",36.000000,10000000,250,100,"full"
"CRC32C Castagnoli","CRC32C scalar 64 B","byte",2923439,64,7,85.881765,83.976782,86.503053,85.281215,1.305635,710.688195,"MiB/s","Intel64 Family 6 Model 167 Stepping 1, GenuineIntel",36.000000,10000000,250,100,"full"
"CRC32C Castagnoli","CRC32C SSE4.2 64 B","byte",35350578,64,7,6.792941,6.622981,6.946220,6.774042,1.911144,8985.085235,"MiB/s","Intel64 Family 6 Model 167 Stepping 1, GenuineIntel",36.000000,10000000,250,100,"full"
"CRC32C Castagnoli","CRC32C auto 64 B","byte",36058489,64,7,7.046674,6.854217,7.231845,7.063583,1.722449,8661.555837,"MiB/s","Intel64 Family 6 Model 167 Stepping 1, GenuineIntel",36.000000,10000000,250,100,"full"
"CRC32C Castagnoli","CRC32C scalar 4,0 KiB","byte",36931,4096,7,6722.428312,6700.869188,6789.456013,6726.949485,0.453106,581.077227,"MiB/s","Intel64 Family 6 Model 167 Stepping 1, GenuineIntel",36.000000,10000000,250,100,"full"
"CRC32C Castagnoli","CRC32C SSE4.2 4,0 KiB","byte",858660,4096,7,291.166702,290.547830,295.634593,291.988314,0.637087,13415.854143,"MiB/s","Intel64 Family 6 Model 167 Stepping 1, GenuineIntel",36.000000,10000000,250,100,"full"
"CRC32C Castagnoli","CRC32C auto 4,0 KiB","byte",854183,4096,7,290.271640,289.637349,297.200366,291.736883,0.949526,13457.222360,"MiB/s","Intel64 Family 6 Model 167 Stepping 1, GenuineIntel",36.000000,10000000,250,100,"full"
"CRC32C Castagnoli","CRC32C scalar 1,0 MiB","byte",142,1048576,7,1729618.309859,1721538.732394,1741330.281690,1730354.325956,0.467747,578.162242,"MiB/s","Intel64 Family 6 Model 167 Stepping 1, GenuineIntel",36.000000,10000000,250,100,"full"
"CRC32C Castagnoli","CRC32C SSE4.2 1,0 MiB","byte",3082,1048576,7,81252.725503,81157.105775,81607.949384,81322.156299,0.208855,12307.279464,"MiB/s","Intel64 Family 6 Model 167 Stepping 1, GenuineIntel",36.000000,10000000,250,100,"full"
"CRC32C Castagnoli","CRC32C auto 1,0 MiB","byte",3071,1048576,7,81208.824487,81126.115272,81382.351026,81245.099316,0.118102,12313.932708,"MiB/s","Intel64 Family 6 Model 167 Stepping 1, GenuineIntel",36.000000,10000000,250,100,"full"
"CRC32C Castagnoli","CRC32C scalar 8,0 MiB","byte",18,8388608,7,13969505.555556,13767105.555556,14007927.777778,13905580.952381,0.765295,572.675960,"MiB/s","Intel64 Family 6 Model 167 Stepping 1, GenuineIntel",36.000000,10000000,250,100,"full"
"CRC32C Castagnoli","CRC32C SSE4.2 8,0 MiB","byte",382,8388608,7,652670.942408,651105.759162,654260.994764,652611.705310,0.168429,12257.325216,"MiB/s","Intel64 Family 6 Model 167 Stepping 1, GenuineIntel",36.000000,10000000,250,100,"full"
"CRC32C Castagnoli","CRC32C auto 8,0 MiB","byte",382,8388608,7,653437.696335,652490.052356,655395.287958,653563.163800,0.154889,12242.942280,"MiB/s","Intel64 Family 6 Model 167 Stepping 1, GenuineIntel",36.000000,10000000,250,100,"full"
"CRC32C Castagnoli","CRC32C auto unaligned +1 1.0 MiB","byte",3117,1048576,7,80035.033686,79937.086943,80270.741097,80061.171456,0.147899,12494.528383,"MiB/s","Intel64 Family 6 Model 167 Stepping 1, GenuineIntel",36.000000,10000000,250,100,"full"
"FNV-1a 64","FNV-1a 64 64 B","byte",6927529,64,7,34.668090,33.884665,35.323576,34.640476,1.695465,1760.557214,"MiB/s","Intel64 Family 6 Model 167 Stepping 1, GenuineIntel",36.000000,10000000,250,100,"full"
"FNV-1a 64","FNV-1a 64 4,0 KiB","byte",73994,4096,7,3370.657080,3367.547369,3397.128146,3373.939393,0.306372,1158.898668,"MiB/s","Intel64 Family 6 Model 167 Stepping 1, GenuineIntel",36.000000,10000000,250,100,"full"
"FNV-1a 64","FNV-1a 64 1,0 MiB","byte",287,1048576,7,866594.773519,865987.456446,867951.916376,866687.954206,0.081066,1153.941878,"MiB/s","Intel64 Family 6 Model 167 Stepping 1, GenuineIntel",36.000000,10000000,250,100,"full"
"FNV-1a 64","FNV-1a 64 8,0 MiB","byte",36,8388608,7,6933575.000000,6828427.777778,6945191.666667,6901736.507937,0.742883,1153.805937,"MiB/s","Intel64 Family 6 Model 167 Stepping 1, GenuineIntel",36.000000,10000000,250,100,"full"
"FNV-1a 64","Hash64 mix dependent chain","value",78313196,1,7,3.169067,3.158749,3.191245,3.172335,0.420895,315.550242,"Mval/s","Intel64 Family 6 Model 167 Stepping 1, GenuineIntel",36.000000,10000000,250,100,"full"
"BLAKE3","BLAKE3 scalar 64 B","byte",568909,64,7,433.401124,431.596793,440.596651,434.223224,0.689875,140.828329,"MiB/s","Intel64 Family 6 Model 167 Stepping 1, GenuineIntel",36.000000,10000000,250,100,"full"
"BLAKE3","BLAKE3 SSE2 64 B","byte",2536510,64,7,98.177535,97.969415,98.357152,98.165105,0.147845,621.681488,"MiB/s","Intel64 Family 6 Model 167 Stepping 1, GenuineIntel",36.000000,10000000,250,100,"full"
"BLAKE3","BLAKE3 SSSE3 64 B","byte",2685221,64,7,92.771917,92.735086,92.821671,92.780052,0.034640,657.905519,"MiB/s","Intel64 Family 6 Model 167 Stepping 1, GenuineIntel",36.000000,10000000,250,100,"full"
"BLAKE3","BLAKE3 auto 64 B","byte",2707503,64,7,91.574303,91.382798,92.132345,91.655891,0.291208,666.509646,"MiB/s","Intel64 Family 6 Model 167 Stepping 1, GenuineIntel",36.000000,10000000,250,100,"full"
"BLAKE3","BLAKE3 scalar 1,0 KiB","byte",37586,1024,7,6621.617091,6611.586761,6625.653169,6620.172785,0.078980,147.480968,"MiB/s","Intel64 Family 6 Model 167 Stepping 1, GenuineIntel",36.000000,10000000,250,100,"full"
"BLAKE3","BLAKE3 SSE2 1,0 KiB","byte",184307,1024,7,1343.704797,1341.947403,1345.623878,1343.943529,0.087959,726.768634,"MiB/s","Intel64 Family 6 Model 167 Stepping 1, GenuineIntel",36.000000,10000000,250,100,"full"
"BLAKE3","BLAKE3 SSSE3 1,0 KiB","byte",199768,1024,7,1240.529514,1237.550058,1242.801149,1240.161301,0.164662,787.214241,"MiB/s","Intel64 Family 6 Model 167 Stepping 1, GenuineIntel",36.000000,10000000,250,100,"full"
"BLAKE3","BLAKE3 auto 1,0 KiB","byte",199387,1024,7,1240.251370,1236.196944,1243.149252,1240.122404,0.171329,787.390785,"MiB/s","Intel64 Family 6 Model 167 Stepping 1, GenuineIntel",36.000000,10000000,250,100,"full"
"BLAKE3","BLAKE3 scalar 4,0 KiB","byte",8906,4096,7,27419.548619,27363.945655,27429.328543,27412.088159,0.082331,142.462228,"MiB/s","Intel64 Family 6 Model 167 Stepping 1, GenuineIntel",36.000000,10000000,250,100,"full"
"BLAKE3","BLAKE3 SSE2 4,0 KiB","byte",43333,4096,7,5711.827014,5695.013039,5796.427665,5724.262604,0.622712,683.888008,"MiB/s","Intel64 Family 6 Model 167 Stepping 1, GenuineIntel",36.000000,10000000,250,100,"full"
"BLAKE3","BLAKE3 SSSE3 4,0 KiB","byte",47016,4096,7,5252.462991,5235.985622,5293.066190,5254.073082,0.361301,743.698719,"MiB/s","Intel64 Family 6 Model 167 Stepping 1, GenuineIntel",36.000000,10000000,250,100,"full"
"BLAKE3","BLAKE3 auto 4,0 KiB","byte",46773,4096,7,5249.594852,5229.519167,5328.289825,5260.088390,0.604467,744.105042,"MiB/s","Intel64 Family 6 Model 167 Stepping 1, GenuineIntel",36.000000,10000000,250,100,"full"
"BLAKE3","BLAKE3 scalar 4,0 KiB","byte",8698,4097,7,28283.398482,28234.088296,28563.520350,28316.691850,0.396473,138.144773,"MiB/s","Intel64 Family 6 Model 167 Stepping 1, GenuineIntel",36.000000,10000000,250,100,"full"
"BLAKE3","BLAKE3 SSE2 4,0 KiB","byte",100000,4097,7,2342.483000,2337.056000,2354.736000,2343.484286,0.262363,1667.975253,"MiB/s","Intel64 Family 6 Model 167 Stepping 1, GenuineIntel",36.000000,10000000,250,100,"full"
"BLAKE3","BLAKE3 SSSE3 4,0 KiB","byte",125000,4097,7,2106.730400,2076.363200,2117.981600,2096.185486,0.833494,1854.629180,"MiB/s","Intel64 Family 6 Model 167 Stepping 1, GenuineIntel",36.000000,10000000,250,100,"full"
"BLAKE3","BLAKE3 auto 4,0 KiB","byte",125000,4097,7,2082.197600,2076.984800,2090.737600,2082.966400,0.201468,1876.480731,"MiB/s","Intel64 Family 6 Model 167 Stepping 1, GenuineIntel",36.000000,10000000,250,100,"full"
"BLAKE3","BLAKE3 scalar 8,0 KiB","byte",4451,8192,7,55991.035722,55183.104920,56715.142665,55829.633790,1.015394,139.531264,"MiB/s","Intel64 Family 6 Model 167 Stepping 1, GenuineIntel",36.000000,10000000,250,100,"full"
"BLAKE3","BLAKE3 SSE2 8,0 KiB","byte",31168,8192,7,8068.188527,8052.759240,8077.759240,8064.439260,0.113726,968.309054,"MiB/s","Intel64 Family 6 Model 167 Stepping 1, GenuineIntel",36.000000,10000000,250,100,"full"
"BLAKE3","BLAKE3 SSSE3 8,0 KiB","byte",33721,8192,7,7347.857418,7259.440705,7861.228908,7419.419438,2.826075,1063.235111,"MiB/s","Intel64 Family 6 Model 167 Stepping 1, GenuineIntel",36.000000,10000000,250,100,"full"
"BLAKE3","BLAKE3 auto 8,0 KiB","byte",31776,8192,7,7394.307024,7275.522407,7454.953424,7381.179866,0.870546,1056.556074,"MiB/s","Intel64 Family 6 Model 167 Stepping 1, GenuineIntel",36.000000,10000000,250,100,"full"
"BLAKE3","BLAKE3 scalar 8,0 KiB","byte",4381,8193,7,57000.570646,56950.719014,58297.900023,57191.668569,0.857713,137.076762,"MiB/s","Intel64 Family 6 Model 167 Stepping 1, GenuineIntel",36.000000,10000000,250,100,"full"
"BLAKE3","BLAKE3 SSE2 8,0 KiB","byte",52488,8193,7,4654.978281,4572.256516,4659.131611,4632.427276,0.780275,1678.515603,"MiB/s","Intel64 Family 6 Model 167 Stepping 1, GenuineIntel",36.000000,10000000,250,100,"full"
"BLAKE3","BLAKE3 SSSE3 8,0 KiB","byte",61256,8193,7,4061.559684,4055.519459,4068.750816,4061.171850,0.119204,1923.756951,"MiB/s","Intel64 Family 6 Model 167 Stepping 1, GenuineIntel",36.000000,10000000,250,100,"full"
"BLAKE3","BLAKE3 auto 8,0 KiB","byte",59855,8193,7,4065.018795,4058.386100,4077.121377,4065.179183,0.155049,1922.119938,"MiB/s","Intel64 Family 6 Model 167 Stepping 1, GenuineIntel",36.000000,10000000,250,100,"full"
"BLAKE3","BLAKE3 scalar 1,0 MiB","byte",34,1048576,7,7140347.058824,7122541.176471,7194847.058824,7147144.957983,0.333744,140.049215,"MiB/s","Intel64 Family 6 Model 167 Stepping 1, GenuineIntel",36.000000,10000000,250,100,"full"
"BLAKE3","BLAKE3 SSE2 1,0 MiB","byte",424,1048576,7,581571.933962,580384.669811,589009.669811,582810.309973,0.555357,1719.477749,"MiB/s","Intel64 Family 6 Model 167 Stepping 1, GenuineIntel",36.000000,10000000,250,100,"full"
"BLAKE3","BLAKE3 SSSE3 1,0 MiB","byte",477,1048576,7,514446.750524,513074.423480,514858.071279,514277.777778,0.127683,1943.835779,"MiB/s","Intel64 Family 6 Model 167 Stepping 1, GenuineIntel",36.000000,10000000,250,100,"full"
"BLAKE3","BLAKE3 auto 1,0 MiB","byte",478,1048576,7,514437.029289,513746.652720,515155.857741,514423.939032,0.088883,1943.872511,"MiB/s","Intel64 Family 6 Model 167 Stepping 1, GenuineIntel",36.000000,10000000,250,100,"full"
"BLAKE3","BLAKE3 scalar 8,0 MiB","byte",4,8388608,7,58029475.000000,57809750.000000,58168275.000000,57993900.000000,0.232286,137.860975,"MiB/s","Intel64 Family 6 Model 167 Stepping 1, GenuineIntel",36.000000,10000000,250,100,"full"
"BLAKE3","BLAKE3 SSE2 8,0 MiB","byte",51,8388608,7,4779403.921569,4745498.039216,4783470.588235,4770618.767507,0.338500,1673.848901,"MiB/s","Intel64 Family 6 Model 167 Stepping 1, GenuineIntel",36.000000,10000000,250,100,"full"
"BLAKE3","BLAKE3 SSSE3 8,0 MiB","byte",57,8388608,7,4216115.789474,4176707.017544,4370526.315789,4234207.017544,1.496377,1897.481094,"MiB/s","Intel64 Family 6 Model 167 Stepping 1, GenuineIntel",36.000000,10000000,250,100,"full"
"BLAKE3","BLAKE3 auto 8,0 MiB","byte",56,8388608,7,4202250.000000,4188889.285714,4237985.714286,4213035.969388,0.480138,1903.742043,"MiB/s","Intel64 Family 6 Model 167 Stepping 1, GenuineIntel",36.000000,10000000,250,100,"full"
"BLAKE3","BLAKE3 auto unaligned +1 1.0 MiB","byte",473,1048576,7,517983.086681,517226.215645,519734.672304,518099.818786,0.160637,1930.564966,"MiB/s","Intel64 Family 6 Model 167 Stepping 1, GenuineIntel",36.000000,10000000,250,100,"full"
"ChaCha20","ChaCha20 scalar 64 B","byte",1852812,64,7,135.337260,134.771418,137.569597,135.595401,0.737362,450.985605,"MiB/s","Intel64 Family 6 Model 167 Stepping 1, GenuineIntel",36.000000,10000000,250,100,"full"
"ChaCha20","ChaCha20 SSE2 64 B","byte",2698356,64,7,93.529468,93.326640,94.310388,93.615663,0.348927,652.576753,"MiB/s","Intel64 Family 6 Model 167 Stepping 1, GenuineIntel",36.000000,10000000,250,100,"full"
"ChaCha20","ChaCha20 auto 64 B","byte",2693811,64,7,92.087901,91.932211,92.958452,92.181464,0.380464,662.792351,"MiB/s","Intel64 Family 6 Model 167 Stepping 1, GenuineIntel",36.000000,10000000,250,100,"full"
"ChaCha20","ChaCha20 scalar 4,0 KiB","byte",31773,4096,7,7894.120794,7801.982816,7987.505114,7899.973023,0.808695,494.830280,"MiB/s","Intel64 Family 6 Model 167 Stepping 1, GenuineIntel",36.000000,10000000,250,100,"full"
"ChaCha20","ChaCha20 SSE2 4,0 KiB","byte",45455,4096,7,5426.496535,5408.287317,5504.630954,5451.400286,0.806763,719.847507,"MiB/s","Intel64 Family 6 Model 167 Stepping 1, GenuineIntel",36.000000,10000000,250,100,"full"
"ChaCha20","ChaCha20 auto 4,0 KiB","byte",45549,4096,7,5413.587565,5409.598454,5450.391886,5421.578645,0.281349,721.564019,"MiB/s","Intel64 Family 6 Model 167 Stepping 1, GenuineIntel",36.000000,10000000,250,100,"full"
"ChaCha20","ChaCha20 scalar 1,0 MiB","byte",125,1048576,7,2023231.200000,2021474.400000,2031266.400000,2024665.714286,0.174832,494.258886,"MiB/s","Intel64 Family 6 Model 167 Stepping 1, GenuineIntel",36.000000,10000000,250,100,"full"
"ChaCha20","ChaCha20 SSE2 1,0 MiB","byte",176,1048576,7,1407102.840909,1405186.931818,1409651.704545,1407422.159091,0.121324,710.680109,"MiB/s","Intel64 Family 6 Model 167 Stepping 1, GenuineIntel",36.000000,10000000,250,100,"full"
"ChaCha20","ChaCha20 auto 1,0 MiB","byte",179,1048576,7,1386802.793296,1385040.223464,1389567.039106,1387160.175579,0.106560,721.083059,"MiB/s","Intel64 Family 6 Model 167 Stepping 1, GenuineIntel",36.000000,10000000,250,100,"full"
"ChaCha20","ChaCha20 scalar 8,0 MiB","byte",15,8388608,7,16022026.666667,15958100.000000,16096786.666667,16024562.857143,0.333656,499.312613,"MiB/s","Intel64 Family 6 Model 167 Stepping 1, GenuineIntel",36.000000,10000000,250,100,"full"
"ChaCha20","ChaCha20 SSE2 8,0 MiB","byte",22,8388608,7,11303486.363636,11284604.545455,11331050.000000,11303534.415584,0.154059,707.746242,"MiB/s","Intel64 Family 6 Model 167 Stepping 1, GenuineIntel",36.000000,10000000,250,100,"full"
"ChaCha20","ChaCha20 auto 8,0 MiB","byte",22,8388608,7,11140736.363636,11105177.272727,11293563.636364,11157865.584416,0.554353,718.085389,"MiB/s","Intel64 Family 6 Model 167 Stepping 1, GenuineIntel",36.000000,10000000,250,100,"full"
"ChaCha20","ChaCha20 auto unaligned +1 1.0 MiB","byte",176,1048576,7,1402797.159091,1386846.022727,1408705.681818,1399599.594156,0.673883,712.861438,"MiB/s","Intel64 Family 6 Model 167 Stepping 1, GenuineIntel",36.000000,10000000,250,100,"full"
"Poly1305","Poly1305 64 B","byte",2777240,64,7,81.907037,81.819900,83.002441,82.081069,0.509749,745.175974,"MiB/s","Intel64 Family 6 Model 167 Stepping 1, GenuineIntel",36.000000,10000000,250,100,"full"
"Poly1305","Poly1305 4,0 KiB","byte",81252,4096,7,2920.411805,2896.077635,2992.517107,2926.417108,1.069956,1337.568213,"MiB/s","Intel64 Family 6 Model 167 Stepping 1, GenuineIntel",36.000000,10000000,250,100,"full"
"Poly1305","Poly1305 1,0 MiB","byte",326,1048576,7,720778.527607,713917.791411,735390.184049,721343.689746,0.988829,1387.388722,"MiB/s","Intel64 Family 6 Model 167 Stepping 1, GenuineIntel",36.000000,10000000,250,100,"full"
"Poly1305","Poly1305 8,0 MiB","byte",40,8388608,7,5741410.000000,5712972.500000,5747920.000000,5737971.785714,0.212958,1393.385945,"MiB/s","Intel64 Family 6 Model 167 Stepping 1, GenuineIntel",36.000000,10000000,250,100,"full"
"ChaCha20-Poly1305 AEAD","AEAD encrypt 4,0 KiB","byte",28987,4096,7,8636.595715,8624.466140,8646.162073,8636.120626,0.083372,452.290477,"MiB/s","Intel64 Family 6 Model 167 Stepping 1, GenuineIntel",36.000000,10000000,250,100,"full"
"ChaCha20-Poly1305 AEAD","AEAD decrypt 4,0 KiB","byte",28670,4096,7,8676.288804,8657.854901,8689.382630,8672.820270,0.123644,450.221297,"MiB/s","Intel64 Family 6 Model 167 Stepping 1, GenuineIntel",36.000000,10000000,250,100,"full"
"ChaCha20-Poly1305 AEAD","AEAD encrypt 1,0 MiB","byte",100,1048576,7,2113218.000000,2110775.000000,2140261.000000,2119294.857143,0.541215,473.211945,"MiB/s","Intel64 Family 6 Model 167 Stepping 1, GenuineIntel",36.000000,10000000,250,100,"full"
"ChaCha20-Poly1305 AEAD","AEAD decrypt 1,0 MiB","byte",100,1048576,7,2138029.000000,2133078.000000,2175962.000000,2145016.142857,0.738703,467.720503,"MiB/s","Intel64 Family 6 Model 167 Stepping 1, GenuineIntel",36.000000,10000000,250,100,"full"
"ChaCha20-Poly1305 AEAD","AEAD encrypt 8,0 MiB","byte",14,8388608,7,16964400.000000,16894485.714286,17309014.285714,17055879.591837,0.976116,471.575770,"MiB/s","Intel64 Family 6 Model 167 Stepping 1, GenuineIntel",36.000000,10000000,250,100,"full"
"ChaCha20-Poly1305 AEAD","AEAD decrypt 8,0 MiB","byte",14,8388608,7,17121107.142857,17083592.857143,17170064.285714,17123545.918367,0.177988,467.259502,"MiB/s","Intel64 Family 6 Model 167 Stepping 1, GenuineIntel",36.000000,10000000,250,100,"full"
"Base64","Base64 scalar encode 64 B","byte",7085264,64,7,32.782236,32.668268,35.087062,33.494467,3.034584,1861.836250,"MiB/s","Intel64 Family 6 Model 167 Stepping 1, GenuineIntel",36.000000,10000000,250,100,"full"
"Base64","Base64 scalar decode 64 B","byte",5499497,64,7,45.412990,44.485287,45.787333,45.369988,1.005509,1344.002163,"MiB/s","Intel64 Family 6 Model 167 Stepping 1, GenuineIntel",36.000000,10000000,250,100,"full"
"Base64","Base64 SSSE3 encode 64 B","byte",13718339,64,7,18.169561,18.010956,18.264121,18.156392,0.535103,3359.198144,"MiB/s","Intel64 Family 6 Model 167 Stepping 1, GenuineIntel",36.000000,10000000,250,100,"full"
"Base64","Base64 SSSE3 decode 64 B","byte",12522640,64,7,19.900117,19.785453,19.927523,19.885022,0.251462,3067.075260,"MiB/s","Intel64 Family 6 Model 167 Stepping 1, GenuineIntel",36.000000,10000000,250,100,"full"
"Base64","Base64 auto encode 64 B","byte",13703616,64,7,18.236223,18.189170,18.371917,18.248278,0.316614,3346.918690,"MiB/s","Intel64 Family 6 Model 167 Stepping 1, GenuineIntel",36.000000,10000000,250,100,"full"
"Base64","Base64 auto decode 64 B","byte",12605800,64,7,19.645949,19.499540,19.819710,19.663382,0.549653,3106.755353,"MiB/s","Intel64 Family 6 Model 167 Stepping 1, GenuineIntel",36.000000,10000000,250,100,"full"
"Base64","Base64 scalar encode 4,0 KiB","byte",146526,4096,7,1682.267311,1679.551752,1690.456301,1684.047492,0.262228,2322.015042,"MiB/s","Intel64 Family 6 Model 167 Stepping 1, GenuineIntel",36.000000,10000000,250,100,"full"
"Base64","Base64 scalar decode 4,0 KiB","byte",125370,4096,7,1988.149478,1967.189918,1994.573662,1987.038139,0.460114,1964.766756,"MiB/s","Intel64 Family 6 Model 167 Stepping 1, GenuineIntel",36.000000,10000000,250,100,"full"
"Base64","Base64 SSSE3 encode 4,0 KiB","byte",426210,4096,7,586.004552,585.516295,588.077474,586.171471,0.147835,6665.903854,"MiB/s","Intel64 Family 6 Model 167 Stepping 1, GenuineIntel",36.000000,10000000,250,100,"full"
"Base64","Base64 SSSE3 decode 4,0 KiB","byte",380430,4096,7,656.511316,647.222617,659.106274,654.535657,0.672389,5950.011681,"MiB/s","Intel64 Family 6 Model 167 Stepping 1, GenuineIntel",36.000000,10000000,250,100,"full"
"Base64","Base64 auto encode 4,0 KiB","byte",420979,4096,7,592.564712,585.881719,595.045359,591.149677,0.661426,6592.107021,"MiB/s","Intel64 Family 6 Model 167 Stepping 1, GenuineIntel",36.000000,10000000,250,100,"full"
"Base64","Base64 auto decode 4,0 KiB","byte",374573,4096,7,664.637334,654.106409,666.275466,663.216897,0.634040,5877.265393,"MiB/s","Intel64 Family 6 Model 167 Stepping 1, GenuineIntel",36.000000,10000000,250,100,"full"
"Base64","Base64 scalar encode 1,0 MiB","byte",571,1048576,7,433812.434326,433422.066550,434956.567426,434061.320991,0.127607,2305.143700,"MiB/s","Intel64 Family 6 Model 167 Stepping 1, GenuineIntel",36.000000,10000000,250,100,"full"
"Base64","Base64 scalar decode 1,0 MiB","byte",500,1048576,7,506277.000000,505777.800000,508276.000000,506615.657143,0.174521,1975.203298,"MiB/s","Intel64 Family 6 Model 167 Stepping 1, GenuineIntel",36.000000,10000000,250,100,"full"
"Base64","Base64 SSSE3 encode 1,0 MiB","byte",1724,1048576,7,144683.178654,144611.426914,146735.208817,145034.479616,0.530703,6911.653513,"MiB/s","Intel64 Family 6 Model 167 Stepping 1, GenuineIntel",36.000000,10000000,250,100,"full"
"Base64","Base64 SSSE3 decode 1,0 MiB","byte",1527,1048576,7,161706.417813,161179.371316,161777.275704,161586.500140,0.134679,6184.046456,"MiB/s","Intel64 Family 6 Model 167 Stepping 1, GenuineIntel",36.000000,10000000,250,100,"full"
"Base64","Base64 auto encode 1,0 MiB","byte",1688,1048576,7,147563.744076,145868.661137,148643.364929,147473.188896,0.630968,6776.732362,"MiB/s","Intel64 Family 6 Model 167 Stepping 1, GenuineIntel",36.000000,10000000,250,100,"full"
"Base64","Base64 auto decode 1,0 MiB","byte",1503,1048576,7,165895.076514,165568.130406,166248.968729,165947.286380,0.149615,6027.906440,"MiB/s","Intel64 Family 6 Model 167 Stepping 1, GenuineIntel",36.000000,10000000,250,100,"full"
"Base64","Base64 scalar encode 8,0 MiB","byte",70,8388608,7,3541238.571429,3527364.285714,3558284.285714,3541736.530612,0.331729,2259.096595,"MiB/s","Intel64 Family 6 Model 167 Stepping 1, GenuineIntel",36.000000,10000000,250,100,"full"
"Base64","Base64 scalar decode 8,0 MiB","byte",59,8388608,7,4171101.694915,4149928.813559,4200825.423729,4168018.644068,0.440006,1917.958512,"MiB/s","Intel64 Family 6 Model 167 Stepping 1, GenuineIntel",36.000000,10000000,250,100,"full"
"Base64","Base64 SSSE3 encode 8,0 MiB","byte",199,8388608,7,1273418.592965,1271413.065327,1331313.065327,1282268.916009,1.693142,6282.301864,"MiB/s","Intel64 Family 6 Model 167 Stepping 1, GenuineIntel",36.000000,10000000,250,100,"full"
"Base64","Base64 SSSE3 decode 8,0 MiB","byte",172,8388608,7,1447130.813953,1443425.000000,1449545.930233,1446555.398671,0.174621,5528.180260,"MiB/s","Intel64 Family 6 Model 167 Stepping 1, GenuineIntel",36.000000,10000000,250,100,"full"
"Base64","Base64 auto encode 8,0 MiB","byte",191,8388608,7,1300133.507853,1297958.638743,1309400.523560,1301996.409873,0.301966,6153.214229,"MiB/s","Intel64 Family 6 Model 167 Stepping 1, GenuineIntel",36.000000,10000000,250,100,"full"
"Base64","Base64 auto decode 8,0 MiB","byte",171,8388608,7,1453655.555556,1448754.970760,1457476.023392,1453188.721805,0.207045,5503.366990,"MiB/s","Intel64 Family 6 Model 167 Stepping 1, GenuineIntel",36.000000,10000000,250,100,"full"
"Hex","Hex scalar encode 64 B","byte",6102740,64,7,40.708927,39.982139,40.756529,40.534329,0.815935,1499.306419,"MiB/s","Intel64 Family 6 Model 167 Stepping 1, GenuineIntel",36.000000,10000000,250,100,"full"
"Hex","Hex scalar decode 64 B","byte",5269581,64,7,47.512810,46.500984,47.529111,47.173808,0.943299,1284.604225,"MiB/s","Intel64 Family 6 Model 167 Stepping 1, GenuineIntel",36.000000,10000000,250,100,"full"
"Hex","Hex SSSE3 encode 64 B","byte",32693200,64,7,7.691572,7.671244,8.125491,7.763740,2.120799,7935.329301,"MiB/s","Intel64 Family 6 Model 167 Stepping 1, GenuineIntel",36.000000,10000000,250,100,"full"
"Hex","Hex SSSE3 decode 64 B","byte",12674663,64,7,19.092145,18.493036,19.174072,19.017691,1.241938,3196.872704,"MiB/s","Intel64 Family 6 Model 167 Stepping 1, GenuineIntel",36.000000,10000000,250,100,"full"
"Hex","Hex auto encode 64 B","byte",32316860,64,7,7.656982,7.635247,7.712358,7.662486,0.322630,7971.177159,"MiB/s","Intel64 Family 6 Model 167 Stepping 1, GenuineIntel",36.000000,10000000,250,100,"full"
"Hex","Hex auto decode 64 B","byte",13321581,64,7,18.616664,18.502451,19.075589,18.697301,1.107756,3278.522705,"MiB/s","Intel64 Family 6 Model 167 Stepping 1, GenuineIntel",36.000000,10000000,250,100,"full"
"Hex","Hex scalar encode 4,0 KiB","byte",125455,4096,7,1984.440636,1982.823323,1988.833446,1985.241379,0.099215,1968.438828,"MiB/s","Intel64 Family 6 Model 167 Stepping 1, GenuineIntel",36.000000,10000000,250,100,"full"
"Hex","Hex scalar decode 4,0 KiB","byte",100000,4096,7,2136.419000,2135.018000,2146.362000,2137.852571,0.185363,1828.410064,"MiB/s","Intel64 Family 6 Model 167 Stepping 1, GenuineIntel",36.000000,10000000,250,100,"full"
"Hex","Hex SSSE3 encode 4,0 KiB","byte",1000000,4096,7,219.197400,218.861800,222.095000,219.854843,0.552446,17820.694953,"MiB/s","Intel64 Family 6 Model 167 Stepping 1, GenuineIntel",36.000000,10000000,250,100,"full"
"Hex","Hex SSSE3 decode 4,0 KiB","byte",335988,4096,7,756.644285,756.508566,758.199698,757.120705,0.098439,5162.597641,"MiB/s","Intel64 Family 6 Model 167 Stepping 1, GenuineIntel",36.000000,10000000,250,100,"full"
"Hex","Hex auto encode 4,0 KiB","byte",1000000,4096,7,223.296900,222.218300,236.836200,226.077900,2.320487,17493.525436,"MiB/s","Intel64 Family 6 Model 167 Stepping 1, GenuineIntel",36.000000,10000000,250,100,"full"
"Hex","Hex auto decode 4,0 KiB","byte",329688,4096,7,747.572857,746.029883,748.177974,747.410582,0.089853,5225.243218,"MiB/s","Intel64 Family 6 Model 167 Stepping 1, GenuineIntel",36.000000,10000000,250,100,"full"
"Hex","Hex scalar encode 1,0 MiB","byte",493,1048576,7,506140.973631,505302.231237,508768.965517,506392.552883,0.228874,1975.734138,"MiB/s","Intel64 Family 6 Model 167 Stepping 1, GenuineIntel",36.000000,10000000,250,100,"full"
"Hex","Hex scalar decode 1,0 MiB","byte",435,1048576,7,570024.367816,569233.103448,570688.045977,570037.898194,0.077197,1754.310967,"MiB/s","Intel64 Family 6 Model 167 Stepping 1, GenuineIntel",36.000000,10000000,250,100,"full"
"Hex","Hex SSSE3 encode 1,0 MiB","byte",4275,1048576,7,58297.450292,57563.953216,58624.233918,58177.186299,0.637118,17153.408854,"MiB/s","Intel64 Family 6 Model 167 Stepping 1, GenuineIntel",36.000000,10000000,250,100,"full"
"Hex","Hex SSSE3 decode 1,0 MiB","byte",1328,1048576,7,187359.111446,186839.006024,188569.201807,187473.569277,0.347837,5337.343844,"MiB/s","Intel64 Family 6 Model 167 Stepping 1, GenuineIntel",36.000000,10000000,250,100,"full"
"Hex","Hex auto encode 1,0 MiB","byte",4352,1048576,7,57028.745404,56969.301471,57776.654412,57271.540179,0.626363,17535.016647,"MiB/s","Intel64 Family 6 Model 167 Stepping 1, GenuineIntel",36.000000,10000000,250,100,"full"
"Hex","Hex auto decode 1,0 MiB","byte",1332,1048576,7,187353.228228,187134.234234,187636.561562,187366.645217,0.098823,5337.511445,"MiB/s","Intel64 Family 6 Model 167 Stepping 1, GenuineIntel",36.000000,10000000,250,100,"full"
"Hex","Hex scalar encode 8,0 MiB","byte",60,8388608,7,4080696.666667,4069883.333333,4316508.333333,4118905.238095,2.142855,1960.449564,"MiB/s","Intel64 Family 6 Model 167 Stepping 1, GenuineIntel",36.000000,10000000,250,100,"full"
"Hex","Hex scalar decode 8,0 MiB","byte",52,8388608,7,4768396.153846,4759492.307692,4824542.307692,4775526.098901,0.462145,1677.712955,"MiB/s","Intel64 Family 6 Model 167 Stepping 1, GenuineIntel",36.000000,10000000,250,100,"full"
"Hex","Hex SSSE3 encode 8,0 MiB","byte",261,8388608,7,942759.386973,935990.804598,952617.241379,942532.731253,0.565341,8485.728289,"MiB/s","Intel64 Family 6 Model 167 Stepping 1, GenuineIntel",36.000000,10000000,250,100,"full"
"Hex","Hex SSSE3 decode 8,0 MiB","byte",149,8388608,7,1679123.489933,1669042.953020,1683783.221477,1678294.630872,0.287646,4764.390498,"MiB/s","Intel64 Family 6 Model 167 Stepping 1, GenuineIntel",36.000000,10000000,250,100,"full"
"Hex","Hex auto encode 8,0 MiB","byte",252,8388608,7,938623.015873,928328.571429,953092.857143,941037.074830,0.914133,8523.123623,"MiB/s","Intel64 Family 6 Model 167 Stepping 1, GenuineIntel",36.000000,10000000,250,100,"full"
"Hex","Hex auto decode 8,0 MiB","byte",148,8388608,7,1678031.081081,1673839.189189,1765660.135135,1689934.362934,1.984045,4767.492146,"MiB/s","Intel64 Family 6 Model 167 Stepping 1, GenuineIntel",36.000000,10000000,250,100,"full"
"Bloom filter","Bloom add batch","item",100,65536,7,2338033.000000,2309772.000000,2357673.000000,2337563.428571,0.783366,28.030400,"Mops/s","Intel64 Family 6 Model 167 Stepping 1, GenuineIntel",36.000000,10000000,250,100,"full"
"Bloom filter","Bloom contains hit batch","item",125,65536,7,2094300.000000,2079459.200000,2222172.800000,2119744.000000,2.374047,31.292556,"Mops/s","Intel64 Family 6 Model 167 Stepping 1, GenuineIntel",36.000000,10000000,250,100,"full"
"Bloom filter","Bloom contains miss batch","item",192,65536,7,1287481.250000,1280988.541667,1314950.520833,1292880.357143,0.892030,50.902489,"Mops/s","Intel64 Family 6 Model 167 Stepping 1, GenuineIntel",36.000000,10000000,250,100,"full"
"xoshiro256++","xoshiro256++ scalar fill 1,0 MiB","byte",2330,1048576,7,108449.527897,108356.738197,108641.931330,108464.015941,0.105477,9220.879237,"MiB/s","Intel64 Family 6 Model 167 Stepping 1, GenuineIntel",36.000000,10000000,250,100,"full"
"xoshiro256++","xoshiro256++ SSE2 2-stream 1,0 MiB","byte",2935,1048576,7,84316.558773,82966.405451,84437.137990,83960.983208,0.755356,11860.066570,"MiB/s","Intel64 Family 6 Model 167 Stepping 1, GenuineIntel",36.000000,10000000,250,100,"full"
"xoshiro256++","xoshiro256++ scalar fill 8,0 MiB","byte",290,8388608,7,868730.344828,867666.551724,869622.413793,868659.162562,0.085124,9208.841440,"MiB/s","Intel64 Family 6 Model 167 Stepping 1, GenuineIntel",36.000000,10000000,250,100,"full"
"xoshiro256++","xoshiro256++ SSE2 2-stream 8,0 MiB","byte",373,8388608,7,673100.000000,666076.943700,681961.662198,672896.591344,0.851510,11885.306789,"MiB/s","Intel64 Family 6 Model 167 Stepping 1, GenuineIntel",36.000000,10000000,250,100,"full"
"BigInt fixed-width JIT","BigInt add 256-bit","op",63919655,1,7,3.872967,3.868020,3.881155,3.873802,0.148690,258.199995,"Mops/s","Intel64 Family 6 Model 167 Stepping 1, GenuineIntel",36.000000,10000000,250,100,"full"
"BigInt fixed-width JIT","BigInt sub 256-bit","op",60179044,1,7,4.132261,4.103468,4.140423,4.129605,0.296308,241.998283,"Mops/s","Intel64 Family 6 Model 167 Stepping 1, GenuineIntel",36.000000,10000000,250,100,"full"
"BigInt fixed-width JIT","BigInt mulwide 256-bit","op",20030959,1,7,12.475768,12.442110,12.524263,12.481362,0.222230,80.155385,"Mops/s","Intel64 Family 6 Model 167 Stepping 1, GenuineIntel",36.000000,10000000,250,100,"full"
"BigInt fixed-width JIT","BigInt square 256-bit","op",19062447,1,7,13.072912,13.055753,13.114654,13.078741,0.157336,76.494049,"Mops/s","Intel64 Family 6 Model 167 Stepping 1, GenuineIntel",36.000000,10000000,250,100,"full"
"BigInt fixed-width JIT","BigInt add 384-bit","op",60725450,1,7,4.077491,4.067087,4.124137,4.084766,0.503628,245.248831,"Mops/s","Intel64 Family 6 Model 167 Stepping 1, GenuineIntel",36.000000,10000000,250,100,"full"
"BigInt fixed-width JIT","BigInt sub 384-bit","op",57349183,1,7,4.344449,4.338377,4.367115,4.347498,0.240709,230.178787,"Mops/s","Intel64 Family 6 Model 167 Stepping 1, GenuineIntel",36.000000,10000000,250,100,"full"
"BigInt fixed-width JIT","BigInt mulwide 384-bit","op",10000000,1,7,21.863400,21.797320,22.077790,21.890311,0.432157,45.738540,"Mops/s","Intel64 Family 6 Model 167 Stepping 1, GenuineIntel",36.000000,10000000,250,100,"full"
"BigInt fixed-width JIT","BigInt square 384-bit","op",10000000,1,7,22.478710,22.419630,22.901420,22.613627,0.950029,44.486539,"Mops/s","Intel64 Family 6 Model 167 Stepping 1, GenuineIntel",36.000000,10000000,250,100,"full"
"BigInt fixed-width JIT","BigInt add 448-bit","op",60684914,1,7,4.083969,4.070246,4.109572,4.084832,0.300714,244.859848,"Mops/s","Intel64 Family 6 Model 167 Stepping 1, GenuineIntel",36.000000,10000000,250,100,"full"
"BigInt fixed-width JIT","BigInt sub 448-bit","op",57375374,1,7,4.343318,4.290494,4.364364,4.339749,0.601542,230.238720,"Mops/s","Intel64 Family 6 Model 167 Stepping 1, GenuineIntel",36.000000,10000000,250,100,"full"
"BigInt fixed-width JIT","BigInt mulwide 448-bit","op",8505889,1,7,29.057668,29.032732,29.185756,29.091032,0.215376,34.414324,"Mops/s","Intel64 Family 6 Model 167 Stepping 1, GenuineIntel",36.000000,10000000,250,100,"full"
"BigInt fixed-width JIT","BigInt square 448-bit","op",8485477,1,7,29.365326,29.292060,29.410804,29.355136,0.139001,34.053768,"Mops/s","Intel64 Family 6 Model 167 Stepping 1, GenuineIntel",36.000000,10000000,250,100,"full"
"BigInt fixed-width JIT","BigInt add 512-bit","op",60357461,1,7,4.071646,4.066604,4.092114,4.075084,0.205214,245.600934,"Mops/s","Intel64 Family 6 Model 167 Stepping 1, GenuineIntel",36.000000,10000000,250,100,"full"
"BigInt fixed-width JIT","BigInt sub 512-bit","op",58391160,1,7,4.276966,4.269562,4.298522,4.282523,0.284449,233.810609,"Mops/s","Intel64 Family 6 Model 167 Stepping 1, GenuineIntel",36.000000,10000000,250,100,"full"
"BigInt fixed-width JIT","BigInt mulwide 512-bit","op",7362490,1,7,33.873323,33.780922,33.908202,33.863755,0.119656,29.521757,"Mops/s","Intel64 Family 6 Model 167 Stepping 1, GenuineIntel",36.000000,10000000,250,100,"full"
"BigInt fixed-width JIT","BigInt square 512-bit","op",7398222,1,7,34.301661,33.755056,34.364067,34.100313,0.827886,29.153108,"Mops/s","Intel64 Family 6 Model 167 Stepping 1, GenuineIntel",36.000000,10000000,250,100,"full"
"BigInt fixed-width JIT","BigInt add 576-bit","op",59245777,1,7,4.264025,4.261855,4.291837,4.270815,0.273448,234.520177,"Mops/s","Intel64 Family 6 Model 167 Stepping 1, GenuineIntel",36.000000,10000000,250,100,"full"
"BigInt fixed-width JIT","BigInt sub 576-bit","op",58117369,1,7,4.338854,4.274925,4.344317,4.330725,0.575851,230.475586,"Mops/s","Intel64 Family 6 Model 167 Stepping 1, GenuineIntel",36.000000,10000000,250,100,"full"
"BigInt fixed-width JIT","BigInt mulwide 576-bit","op",6158712,1,7,40.304953,40.177069,40.688150,40.335080,0.406851,24.810846,"Mops/s","Intel64 Family 6 Model 167 Stepping 1, GenuineIntel",36.000000,10000000,250,100,"full"
"BigInt fixed-width JIT","BigInt square 576-bit","op",6059915,1,7,40.694663,40.633557,40.959073,40.756064,0.325640,24.573247,"Mops/s","Intel64 Family 6 Model 167 Stepping 1, GenuineIntel",36.000000,10000000,250,100,"full"
"BigInt fixed-width JIT","BigInt add 2048-bit","op",25806984,1,7,9.694620,9.666290,9.927785,9.725232,0.947402,103.149996,"Mops/s","Intel64 Family 6 Model 167 Stepping 1, GenuineIntel",36.000000,10000000,250,100,"full"
"BigInt fixed-width JIT","BigInt sub 2048-bit","op",25706676,1,7,9.802310,9.661494,9.833749,9.785798,0.575006,102.016772,"Mops/s","Intel64 Family 6 Model 167 Stepping 1, GenuineIntel",36.000000,10000000,250,100,"full"
"BigInt fixed-width JIT","BigInt mulwide 2048-bit","op",389177,1,7,650.358063,647.661861,652.941721,650.364928,0.247270,1.537615,"Mops/s","Intel64 Family 6 Model 167 Stepping 1, GenuineIntel",36.000000,10000000,250,100,"full"
"BigInt fixed-width JIT","BigInt add 3072-bit","op",18537756,1,7,13.458840,13.451056,13.552288,13.473189,0.263688,74.300606,"Mops/s","Intel64 Family 6 Model 167 Stepping 1, GenuineIntel",36.000000,10000000,250,100,"full"
"BigInt fixed-width JIT","BigInt sub 3072-bit","op",18616676,1,7,13.516854,13.456656,13.688738,13.551070,0.698242,73.981710,"Mops/s","Intel64 Family 6 Model 167 Stepping 1, GenuineIntel",36.000000,10000000,250,100,"full"
"BigInt fixed-width JIT","BigInt mulwide 3072-bit","op",153747,1,7,1621.307082,1598.585989,1625.024228,1614.175886,0.754156,0.616786,"Mops/s","Intel64 Family 6 Model 167 Stepping 1, GenuineIntel",36.000000,10000000,250,100,"full"
"BigInt fixed-width JIT","BigInt add 4096-bit","op",14440057,1,7,17.300077,17.282736,17.323526,17.299730,0.082626,57.803210,"Mops/s","Intel64 Family 6 Model 167 Stepping 1, GenuineIntel",36.000000,10000000,250,100,"full"
"BigInt fixed-width JIT","BigInt sub 4096-bit","op",14239594,1,7,17.587517,17.527094,17.635166,17.583591,0.193635,56.858510,"Mops/s","Intel64 Family 6 Model 167 Stepping 1, GenuineIntel",36.000000,10000000,250,100,"full"
"BigInt fixed-width JIT","BigInt mulwide 4096-bit","op",87282,1,7,2832.916294,2826.574781,2843.437364,2834.357600,0.196273,0.352993,"Mops/s","Intel64 Family 6 Model 167 Stepping 1, GenuineIntel",36.000000,10000000,250,100,"full"
"BigInt Montgomery fields","MontMul secp256k1","op",10000000,1,7,24.574940,24.513950,24.711230,24.602614,0.274323,40.691859,"Mops/s","Intel64 Family 6 Model 167 Stepping 1, GenuineIntel",36.000000,10000000,250,100,"full"
"BigInt Montgomery fields","MontSquare secp256k1","op",9743018,1,7,25.498957,25.448829,25.642732,25.525191,0.323388,39.217290,"Mops/s","Intel64 Family 6 Model 167 Stepping 1, GenuineIntel",36.000000,10000000,250,100,"full"
"BigInt Montgomery fields","MontMul P-256","op",10000000,1,7,24.321880,24.256900,24.463520,24.327927,0.310162,41.115243,"Mops/s","Intel64 Family 6 Model 167 Stepping 1, GenuineIntel",36.000000,10000000,250,100,"full"
"BigInt Montgomery fields","MontSquare P-256","op",9743321,1,7,25.315496,25.211250,25.681018,25.376935,0.718005,39.501498,"Mops/s","Intel64 Family 6 Model 167 Stepping 1, GenuineIntel",36.000000,10000000,250,100,"full"
"BigInt Montgomery fields","MontMul P-384","op",5498965,1,7,45.665157,45.154970,47.136397,45.777269,1.480238,21.898534,"Mops/s","Intel64 Family 6 Model 167 Stepping 1, GenuineIntel",36.000000,10000000,250,100,"full"
"BigInt Montgomery fields","MontSquare P-384","op",5376228,1,7,46.439530,46.119287,46.703674,46.416967,0.391055,21.533379,"Mops/s","Intel64 Family 6 Model 167 Stepping 1, GenuineIntel",36.000000,10000000,250,100,"full"
"BigInt Montgomery fields","MontMul Curve25519","op",10000000,1,7,24.612820,24.579260,24.644460,24.612167,0.094240,40.629233,"Mops/s","Intel64 Family 6 Model 167 Stepping 1, GenuineIntel",36.000000,10000000,250,100,"full"
"BigInt Montgomery fields","MontSquare Curve25519","op",9787302,1,7,25.576885,25.289074,25.726579,25.550396,0.517687,39.097802,"Mops/s","Intel64 Family 6 Model 167 Stepping 1, GenuineIntel",36.000000,10000000,250,100,"full"
"BigInt Montgomery fields","MontMul Curve448","op",4218006,1,7,59.022178,58.839390,59.889104,59.133083,0.600230,16.942784,"Mops/s","Intel64 Family 6 Model 167 Stepping 1, GenuineIntel",36.000000,10000000,250,100,"full"
"BigInt Montgomery fields","MontSquare Curve448","op",4132518,1,7,59.591900,59.455518,59.805136,59.621934,0.211453,16.780804,"Mops/s","Intel64 Family 6 Model 167 Stepping 1, GenuineIntel",36.000000,10000000,250,100,"full"
"BigInt Montgomery fields","MontMul P-521","op",2594383,1,7,96.089668,96.068121,96.552051,96.232449,0.229277,10.406946,"Mops/s","Intel64 Family 6 Model 167 Stepping 1, GenuineIntel",36.000000,10000000,250,100,"full"
"BigInt Montgomery fields","MontSquare P-521","op",2565470,1,7,97.127388,97.059759,97.307004,97.162185,0.098133,10.295757,"Mops/s","Intel64 Family 6 Model 167 Stepping 1, GenuineIntel",36.000000,10000000,250,100,"full"
"BigInt RSA-size Montgomery","RSA-size MontMul 2048-bit","op",166271,1,7,1505.446530,1482.261489,1508.741151,1502.081026,0.601676,0.664255,"Mops/s","Intel64 Family 6 Model 167 Stepping 1, GenuineIntel",36.000000,10000000,250,100,"full"
"BigInt RSA-size Montgomery","RSA-size MontSquare 2048-bit","op",165554,1,7,1487.090617,1483.935151,1507.778127,1492.134202,0.709341,0.672454,"Mops/s","Intel64 Family 6 Model 167 Stepping 1, GenuineIntel",36.000000,10000000,250,100,"full"
"BigInt RSA-size Montgomery","RSA public pow e=65537 2048-bit","op",5873,1,7,42498.859186,42414.813554,42590.584029,42497.479993,0.126333,0.023530,"Mops/s","Intel64 Family 6 Model 167 Stepping 1, GenuineIntel",36.000000,10000000,250,100,"full"
"BigInt RSA-size Montgomery","RSA-size MontMul 3072-bit","op",60239,1,7,4079.347267,4070.922492,4106.620296,4082.422636,0.309854,0.245137,"Mops/s","Intel64 Family 6 Model 167 Stepping 1, GenuineIntel",36.000000,10000000,250,100,"full"
"BigInt RSA-size Montgomery","RSA-size MontSquare 3072-bit","op",60005,1,7,4133.130572,4127.636030,4180.266644,4139.835490,0.444759,0.241947,"Mops/s","Intel64 Family 6 Model 167 Stepping 1, GenuineIntel",36.000000,10000000,250,100,"full"
"BigInt RSA-size Montgomery","RSA public pow e=65537 3072-bit","op",2135,1,7,116163.419204,116037.330211,116203.840749,116142.656407,0.046829,0.008609,"Mops/s","Intel64 Family 6 Model 167 Stepping 1, GenuineIntel",36.000000,10000000,250,100,"full"
"BigInt RSA-size Montgomery","RSA-size MontMul 4096-bit","op",35302,1,7,7058.716220,7050.767662,7083.811116,7062.130029,0.161737,0.141669,"Mops/s","Intel64 Family 6 Model 167 Stepping 1, GenuineIntel",36.000000,10000000,250,100,"full"
"BigInt RSA-size Montgomery","RSA-size MontSquare 4096-bit","op",35385,1,7,7083.826480,7063.289529,7196.116999,7096.463392,0.647404,0.141167,"Mops/s","Intel64 Family 6 Model 167 Stepping 1, GenuineIntel",36.000000,10000000,250,100,"full"
"BigInt RSA-size Montgomery","RSA public pow e=65537 4096-bit","op",1266,1,7,197947.630332,197281.990521,198098.104265,197751.861882,0.175994,0.005052,"Mops/s","Intel64 Family 6 Model 167 Stepping 1, GenuineIntel",36.000000,10000000,250,100,"full"
